Model,Accuracy,AUC,Precision,Recall,F1 Score,MCC
XGBoost,0.8699711319943493,0.9262653055378348,0.7612571773949833,0.6549661986479459,0.7041229909154437,0.6242856040111208
Random Forest,0.8551071801486395,0.9047363816547034,0.7316921159239639,0.6105044201768071,0.6656272147413183,0.5779377964394978
KNN,0.8267305448068301,0.8472607742267069,0.6512245500147537,0.5738429537181488,0.6100898410504492,0.5009281847661399
Decision Tree,0.8093483201277563,0.7404968237330217,0.5939240506329114,0.609984399375975,0.6018471010774756,0.4766166158681217
Logistic Regression,0.8251950125913642,0.8526448818306571,0.7032520325203252,0.4498179927197088,0.5486837932128132,0.4638656293821684
Naive Bayes,0.8041889318837909,0.8555292722364303,0.6746284501061571,0.33047321892875714,0.443630017452007,0.3733624929124599
